ogc_fid,french_short,geo_point_2d,status,name,color_code,continent,iso3,iso_3166_1_alpha_2_codes,region
1,South Georgia & the South Sandwich Islands,"'{-54.48815096932706,-36.38236149455586}'",UK Territory,South Georgia & the South Sandwich Islands,GBR,Antarctica,,,
2,Mongolie,"'{46.83529064217186,103.0832175778257}'",Member State,Mongolia,MNG,Asia,MNG,MN,Eastern Asia
3,Espagne,"'{40.22682992875567,-3.649564960428935}'",Member State,Spain,ESP,Europe,ESP,ES,Southern Europe
4,Chypre,"'{35.04588258022155,33.22176299478318}'",Member State,Cyprus,CYP,Asia,CYP,CY,Western Asia
5,Macao,"'{22.18332047336667,113.5501250635224}'",CN Special Administrative Region,Macao,CHN,Asia,MAC,MO,Eastern Asia
37,Portugal,"'{38.33239830464354,-27.30329624053297}'",PT Territory,Azores Islands,PRT,Europe,PRT,PT,Southern Europe
6,Jammu-Kashmir,"'{34.55067630449557,75.80767732353854}'",Sovereignty unsettled,Jammu-Kashmir,XXZ,Asia,,,Eastern Asia
7,Heard Island and McDonald Islands,"'{-53.09133257559054,73.49837379726881}'",AU Territory,Heard Island and McDonald Islands,AUS,Antarctica,HMD,HM,
38,Brésil,"'{-10.77310852262562,-53.08981995401317}'",Member State,Brazil,BRA,Americas,BRA,BR,South America
8,French Guiana,"'{3.924688006784139,-53.24122358197405}'",FR Territory,French Guiana,FRA,Americas,GUF,GF,South America
9,République démocratique du Congo,"'{-2.876234958783139,23.65500574375339}'",Member State,Democratic Republic of the Congo,COD,Africa,COD,CD,Middle Africa
24,République tchèque,"'{49.74285888947337,15.33841209006811}'",Member State,Czech Republic,CZE,Europe,CZE,CZ,Eastern Europe
10,Guinée-Bissau,"'{12.03030829286497,-14.9652165867267}'",Member State,Guinea-Bissau,GNB,Africa,GNB,GW,Western Africa
11,Papouasie-Nouvelle-Guinée,"'{-6.478767972968442,145.2412167104673}'",Member State,Papua New Guinea,PNG,Oceania,PNG,PG,Melanesia
25,Japon,"'{37.56216157098009,137.9907445280926}'",Member State,Japan,JPN,Asia,JPN,JP,Eastern Asia
26,République démocratique populaire lao,"'{18.50274383223181,103.7632907781227}'",Member State,Lao People's Democratic Republic,LAO,Asia,LAO,LA,South-Eastern Asia
53,Maldives,"'{3.216335123203281,73.25222658734783}'",Member State,Maldives,MDV,Asia,MDV,MV,Southern Asia
12,Hongrie,"'{47.16650222537332,19.41344796118308}'",Member State,Hungary,HUN,Europe,HUN,HU,Eastern Europe
13,Djibouti,"'{11.74967611831594,42.57776505808049}'",Member State,Djibouti,DJI,Africa,DJI,DJ,Eastern Africa
30,Midway Is.,"'{28.20519798467642,-177.3788146928777}'",US Territory,Midway Is.,USA,Americas,,,Northern America
14,Vanuatu,"'{-16.25505304424053,167.7181462397902}'",Member State,Vanuatu,VUT,Oceania,VUT,VU,Melanesia
31,Reunion,"'{-21.12166049427055,55.53817966041089}'",FR Territory,Reunion,FRA,Africa,REU,RE,Eastern Africa
32,Arabie saoudite,"'{24.12288781941341,44.54571894171099}'",Member State,Saudi Arabia,SAU,Asia,SAU,SA,Western Asia
15,Cambodge,"'{12.71643220967628,104.9239813154014}'",Member State,Cambodia,KHM,Asia,KHM,KH,South-Eastern Asia
54,Liban,"'{33.92026709335808,35.88802723254408}'",Member State,Lebanon,LBN,Asia,LBN,LB,Western Asia
16,Géorgie,"'{42.17631172001709,43.5174462848815}'",Member State,Georgia,GEO,Asia,GEO,GE,Western Asia
17,Hala'ib Triangle,"'{22.3000979536055,35.61535992994024}'",Adm. by SDN,Hala'ib Triangle,SDN,Africa,,,Northern Africa
18,Myanmar,"'{21.15431900569804,96.50692104674981}'",Member State,Myanmar,MMR,Asia,MMR,MM,South-Eastern Asia
19,Maurice,"'{-20.25186901774717,57.87073734512803}'",Member State,Mauritius,MUS,Africa,MUS,MU,Eastern Africa
20,Cocos (Keeling) Islands,"'{-12.1712496086453,96.83688205703784}'",AU Territory,Cocos (Keeling) Islands,AUS,Asia,CCK,CC,South-Eastern Asia
21,Afghanistan,"'{33.83880571620664,66.0264706677288}'",Member State,Afghanistan,AFG,Asia,AFG,AF,Southern Asia
22,Sao Tomé-et-Principe,"'{0.4569785292666155,6.736585755086851}'",Member State,Sao Tome and Principe,STP,Africa,STP,ST,Middle Africa
23,Colombie,"'{3.901155840147145,-73.07336881924765}'",Member State,Colombia,COL,Americas,COL,CO,South America
27,Tunisie,"'{34.11085859207984,9.561335844988342}'",Member State,Tunisia,TUN,Africa,TUN,TN,Northern Africa
55,Isle of Man,"'{54.22908191631633,-4.525849355480654}'",UK Territory,Isle of Man,GBR,Europe,IMY,,Northern Europe
56,Islande,"'{64.99758837371617,-18.60546719128895}'",Member State,Iceland,ISL,Europe,ISL,IS,Northern Europe
57,Namibie,"'{-22.13324623849092,17.21827759692329}'",Member State,Namibia,NAM,Africa,NAM,NA,Southern Africa
28,Guyana,"'{4.792017594781358,-58.97478101377691}'",Member State,Guyana,GUY,Americas,GUY,GY,South America
29,Gabon,"'{-0.5909444841771871,11.79723642212724}'",Member State,Gabon,GAB,Africa,GAB,GA,Middle Africa
33,Taiwan,"'{23.75401329352246,120.9507979940978}'",CN Province,Taiwan,CHN,Asia,TWN,TW,Eastern Asia
34,Guadeloupe,"'{16.20346137351128,-61.53674307119224}'",FR Territory,Guadeloupe,FRA,Americas,GLP,GP,Caribbean
35,République centrafricaine,"'{6.571232077104282,20.4829669203305}'",Member State,Central African Republic,CAF,Africa,CAF,CF,Middle Africa
36,French Polynesia,"'{-14.85497566634965,-146.4185838672326}'",FR Territory,French Polynesia,FRA,Oceania,PYF,PF,Polynesia
39,Haïti,"'{18.9416087033466,-72.6794577401439}'",Member State,Haiti,HTI,Americas,HTI,HT,Caribbean
40,Malte,"'{35.89052204833109,14.44192264893429}'",Member State,Malta,MLT,Europe,MLT,MT,Southern Europe
41,Finlande,"'{64.50042200031842,26.26637086488723}'",Member State,Finland,FIN,Europe,FIN,FI,Northern Europe
42,Turquie,"'{39.06059534166282,35.17967189183081}'",Member State,Turkey,TUR,Asia,TUR,TR,Western Asia
230,Faroe Islands,"'{62.03106727370788,-6.884109940389508}'",DK Territory,Faroe Islands,DNK,Europe,FRO,FO,Northern Europe
43,Lituanie,"'{55.3356704855903,23.89812325011703}'",Member State,Lithuania,LTU,Europe,LTU,LT,Northern Europe
44,Fédération de Russie,"'{61.9494224376748,96.5680544878298}'",Member State,Russian Federation,RUS,Europe,RUS,RU,Eastern Europe
58,République de Moldova,"'{47.19386942309038,28.47393086746524}'",Member State,"Moldova, Republic of",MDA,Europe,MDA,MD,Eastern Europe
45,Zimbabwe,"'{-19.00009844179193,29.87183776718007}'",Member State,Zimbabwe,ZWE,Africa,ZWE,ZW,Eastern Africa
46,Singapour,"'{1.351614822844917,103.8080509453779}'",Member State,Singapore,SGP,Asia,SGP,SG,South-Eastern Asia
47,Eswatini,"'{-26.56264219092981,31.49752845618843}'",Member State,Swaziland,SWZ,Africa,SWZ,SZ,Southern Africa
59,Nauru,"'{-0.5287423564231192,166.9231297473369}'",Member State,Nauru,NRU,Oceania,NRU,NR,Micronesia
60,Thaïlande,"'{15.12703582103217,101.0173609470801}'",Member State,Thailand,THA,Asia,THA,TH,South-Eastern Asia
48,New Caledonia,"'{-21.31633710438555,165.7154879729756}'",FR Non-Self-Governing Territory,New Caledonia,FRA,Oceania,NCL,NC,Melanesia
64,Monténégro,"'{42.7915932483461,19.25030495955029}'",Member State,Montenegro,MNE,Europe,MNE,ME,Southern Europe
65,Svalbard and Jan Mayen Islands,"'{78.8286315537683,18.3634675184936}'",NO Territory,Svalbard and Jan Mayen Islands,NOR,Europe,SJM,SJ,Northern Europe
66,Viet Nam,"'{16.65925640467884,106.3014744085868}'",Member State,Vietnam,VNM,Asia,VNM,VN,South-Eastern Asia
67,Croatie,"'{45.05116186966242,16.41177821249749}'",Member State,Croatia,HRV,Europe,HRV,HR,Southern Europe
68,Mayotte,"'{-12.8187104261643,45.1386999315081}'",FR Territory,Mayotte,FRA,Africa,MYT,YT,Eastern Africa
69,Cameroun,"'{5.685952200319196,12.74359416002904}'",Member State,Cameroon,CMR,Africa,CMR,CM,Middle Africa
49,Falkland Islands (Malvinas),"'{-51.73711668199259,-59.36329786311791}'",UK Non-Self-Governing Territory,Falkland Islands (Malvinas),GBR,Americas,FLK,FK,South America
50,Pakistan,"'{29.35790342663677,68.79014364623956}'",Member State,Pakistan,PAK,Asia,PAK,PK,Southern Asia
51,Afrique du Sud,"'{-28.99320329296508,25.0887780109771}'",Member State,South Africa,ZAF,Africa,ZAF,ZA,Southern Africa
70,Hong Kong,"'{22.37736171427861,114.1100581618958}'",CN Special Administrative Region,Hong Kong,CHN,Asia,HKG,HK,Eastern Asia
52,République populaire démocratique de Corée,"'{40.14306377266305,127.1819565068881}'",Member State,Democratic People's Republic of Korea,PRK,Asia,PRK,KP,Eastern Asia
86,Dominique,"'{15.43559507586571,-61.35575744837549}'",Member State,Dominica,DMA,Americas,DMA,DM,Caribbean
87,Ilemi Triangle,"'{4.76497527908477,35.1089535188704}'",Adm. by KEN,Ilemi Triangle,SDN,Africa,,,Northern Africa
61,Népal,"'{28.25300713856442,83.93854780766698}'",Member State,Nepal,NPL,Asia,NPL,NP,Southern Asia
62,American Samoa,"'{-14.30440720590981,-170.7078319645562}'",US Non-Self-Governing Territory,American Samoa,ASM,Oceania,ASM,AS,Polynesia
63,Jarvis Island,"'{-0.3860181202492435,-160.0272237290637}'",US Territory,Jarvis Island,USA,Americas,,,Northern America
88,Spratly Islands,"'{10.56293230804037,115.5979431710995}'",Sovereignty unsettled,Spratly Islands,XXX,Asia,,,South-Eastern Asia
89,Bermuda,"'{32.31608616923679,-64.73960534243399}'",UK Non-Self-Governing Territory,Bermuda,BMU,Americas,BMU,BM,Northern America
71,Yémen,"'{15.9055165746462,47.59959112737165}'",Member State,Yemen,YEM,Asia,YEM,YE,Western Asia
98,Puerto Rico,"'{18.22132898361081,-66.46234221312118}'",US Territory,Puerto Rico,USA,Americas,PRI,PR,Caribbean
72,Western Sahara,"'{24.66167127948327,-13.13654065514559}'",Non-Self-Governing Territory,Western Sahara,ESH,Africa,ESH,EH,Northern Africa
73,Tokelau,"'{-9.195175351076909,-171.8526596624735}'",NZ Non-Self-Governing Territory,Tokelau,TKL,Oceania,TKL,TK,Polynesia
74,États-Unis d'Amérique,"'{45.69574378023102,-112.4917507593385}'",Member State,United States of America,USA,Americas,USA,US,Northern America
75,Grenade,"'{12.11292540614106,-61.67938032969055}'",Member State,Grenada,GRD,Americas,GRD,GD,Caribbean
76,Cayman Islands,"'{19.30866349146619,-81.23845343137175}'",UK Non-Self-Governing Territory,Cayman Islands,GBR,Americas,CYM,KY,Caribbean
99,Seychelles,"'{-6.354369979634144,52.22989940049546}'",Member State,Seychelles,SYC,Africa,SYC,SC,Eastern Africa
231,Lesotho,"'{-29.58100035290103,28.24301126894411}'",Member State,Lesotho,LSO,Africa,LSO,LS,Southern Africa
77,République dominicaine,"'{18.89444692505585,-70.48463350234037}'",Member State,Dominican Republic,DOM,Americas,DOM,DO,Caribbean
78,Égypte,"'{26.55378045919798,29.79019650814423}'",Member State,Egypt,EGY,Africa,EGY,EG,Northern Africa
79,Allemagne,"'{51.1065921857343,10.3936615547528}'",Member State,Germany,DEU,Europe,DEU,DE,Western Europe
80,Côte d'Ivoire,"'{7.631533614372455,-5.555619464120098}'",Member State,Côte d'Ivoire,CIV,Africa,CIV,CI,Western Africa
81,Inde,"'{22.32612228404532,79.38600861425822}'",Member State,India,IND,Asia,IND,IN,Southern Asia
82,Venezuela,"'{7.122448779792319,-66.16956396322298}'",Member State,Venezuela,VEN,Americas,VEN,VE,South America
102,État de Palestine,"'{31.94655144615097,35.2564156494069}'",Occupied Territory,West Bank,XXX,Asia,PSE,PS,Western Asia
103,Andorre,"'{42.54865286617895,1.576765084335454}'",Member State,Andorra,AND,Europe,AND,AD,Southern Europe
83,Bhoutan,"'{27.41541448526253,90.42943482568835}'",Member State,Bhutan,BTN,Asia,BTN,BT,Southern Asia
84,Sierra Leone,"'{8.560284889259204,-11.79192178449718}'",Member State,Sierra Leone,SLE,Africa,SLE,SL,Western Africa
85,Tonga,"'{-20.40292037298212,-174.8362862720762}'",Member State,Tonga,TON,Oceania,TON,TO,Polynesia
104,Australie,"'{-25.73496824193475,134.4895624730987}'",Member State,Australia,AUS,Oceania,AUS,AU,Australia and New Zealand
90,Arunachal Pradesh,"'{28.12123993111746,94.35043357382652}'",Sovereignty unsettled,Arunachal Pradesh,IND,Asia,,,Eastern Asia
105,Bouvet Island,"'{-54.42190331981138,3.412522184604452}'",NO Territory,Bouvet Island,NOR,Antarctica,BVT,BV,
106,Macédoine du Nord,"'{41.59968231227705,21.69747626732899}'",Member State,The former Yugoslav Republic of Macedonia,MKD,Europe,MKD,MK,Southern Europe
107,Pérou,"'{-9.163759818255476,-74.37562774311924}'",Member State,Peru,PER,Americas,PER,PE,South America
232,Tadjikistan,"'{38.52817773320961,71.04200446155443}'",Member State,Tajikistan,TJK,Asia,TJK,TJ,Central Asia
91,Soudan du Sud,"'{7.295765920550891,30.3159635770886}'",Member State,South Sudan,SSD,Africa,SSD,SS,Middle Africa
116,Micronésie,"'{6.492380186832999,159.4042206803221}'",Member State,Micronesia (Federated States of),FSM,Oceania,FSM,FM,Micronesia
117,Ma'tan al-Sarra,"'{21.89274017949487,33.74379108021756}'",Adm. by EGY,Ma'tan al-Sarra,EGY,Africa,,,Northern Africa
92,Bulgarie,"'{42.76137671439208,25.23150624402951}'",Member State,Bulgaria,BGR,Europe,BGR,BG,Eastern Europe
93,Royaume-Uni de Grande-Bretagne et d'Irlande du Nord,"'{54.1553497202996,-2.89558470050636}'",Member State,U.K. of Great Britain and Northern Ireland,GBR,Europe,GBR,GB,Northern Europe
94,Bahreïn,"'{26.02240951703777,50.55964318352661}'",Member State,Bahrain,BHR,Asia,BHR,BH,Western Asia
95,Nioué,"'{-19.05230955887136,-169.8687813926054}'",NZ Territory,Niue,NZL,Oceania,NIU,NU,Polynesia
96,Somalie,"'{6.063723738463383,45.86259041908098}'",Member State,Somalia,SOM,Africa,SOM,SO,Eastern Africa
97,Barbade,"'{13.17871506434859,-59.56195497759968}'",Member State,Barbados,BRB,Americas,BRB,BB,Caribbean
100,Sénégal,"'{14.36696574522687,-14.46765362111762}'",Member State,Senegal,SEN,Africa,SEN,SN,Western Africa
101,Grèce,"'{39.06853720123031,22.95974634066737}'",Member State,Greece,GRC,Europe,GRC,GR,Southern Europe
108,Bénin,"'{9.647320880659041,2.3431357641935}'",Member State,Benin,BEN,Africa,BEN,BJ,Western Africa
126,Guinée équatoriale,"'{1.712338564570087,10.34198228304113}'",Member State,Equatorial Guinea,GNQ,Africa,GNQ,GQ,Middle Africa
109,Paraguay,"'{-23.23621116210156,-58.39102352627807}'",Member State,Paraguay,PRY,Americas,PRY,PY,South America
110,Mexique,"'{23.95046386556875,-102.5328854974628}'",Member State,Mexico,MEX,Americas,MEX,MX,Central America
111,Roumanie,"'{45.84361473342864,24.96925875927503}'",Member State,Romania,ROU,Europe,ROU,RO,Eastern Europe
112,Bélarus,"'{53.53999776468983,28.04678774119955}'",Member State,Belarus,BLR,Europe,BLR,BY,Eastern Europe
113,Équateur,"'{-1.427419765623377,-78.76707226737844}'",Member State,Ecuador,ECU,Americas,ECU,EC,South America
114,Soudan,"'{16.01933683155426,29.95803624100919}'",Member State,Sudan,SDN,Africa,SDN,SD,Northern Africa
115,République-Unie de Tanzanie,"'{-6.270353510063236,34.82345393872192}'",Member State,United Republic of Tanzania,TZA,Africa,TZA,TZ,Eastern Africa
118,Suisse,"'{46.80256937605332,8.234429172288662}'",Member State,Switzerland,CHE,Europe,CHE,CH,Western Europe
119,Jersey,"'{49.21911546382569,-2.12864896274567}'",UK Territory,Jersey,GBR,Europe,,,Northern Europe
127,Jamaïque,"'{18.15141876911028,-77.31901136197915}'",Member State,Jamaica,JAM,Americas,JAM,JM,Caribbean
120,Autriche,"'{47.5929026069152,14.14019348879525}'",Member State,Austria,AUT,Europe,AUT,AT,Western Europe
130,Belize,"'{17.21766625422945,-88.68476698323005}'",Member State,Belize,BLZ,Americas,BLZ,BZ,Central America
121,Portugal,"'{39.69190982231605,-7.962187190752776}'",Member State,Portugal,PRT,Europe,PRT,PT,Southern Europe
122,Luxembourg,"'{49.77062957536392,6.087813969032039}'",Member State,Luxembourg,LUX,Europe,LUX,LU,Western Europe
123,Kazakhstan,"'{48.01598642864123,66.6578248529193}'",Member State,Kazakhstan,KAZ,Asia,KAZ,KZ,Central Asia
124,Aruba,"'{12.5156273837118,-69.97564122076227}'",NL Territory,Aruba,ABW,Americas,ABW,AW,Caribbean
125,Saint-Siège,"'{41.90336493327425,12.45225447371862}'",Permanent Observer to the UN,Holy See,VAT,Europe,VAT,VA,Southern Europe
132,Turks and Caicos Islands,"'{21.83668194834704,-71.81294727044643}'",UK Non-Self-Governing Territory,Turks and Caicos Islands,GBR,Americas,TCA,TC,Caribbean
133,Bolivie (État plurinational de),"'{-16.71461009447613,-64.67093179110404}'",Member State,Bolivia,BOL,Americas,BOL,BO,South America
128,Estonie,"'{58.67413590786346,25.52761631201439}'",Member State,Estonia,EST,Europe,EST,EE,Northern Europe
134,Cuba,"'{21.62116985457321,-79.03635234345809}'",Member State,Cuba,CUB,Americas,CUB,CU,Caribbean
135,Chine,"'{36.56790870229093,103.9040560317203}'",Member State,China,CHN,Asia,CHN,CN,Eastern Asia
129,Niger,"'{17.4261489622478,9.397647758369725}'",Member State,Niger,NER,Africa,NER,NE,Western Africa
131,Maroc,"'{31.88362495443742,-6.317845225561027}'",Member State,Morocco,MAR,Africa,MAR,MA,Northern Africa
136,Iraq,"'{33.04802449780647,43.77213543247138}'",Member State,Iraq,IRQ,Asia,IRQ,IQ,Western Asia
137,Martinique,"'{14.65255017371688,-61.02128794867484}'",FR Territory,Martinique,FRA,Americas,MTQ,MQ,Caribbean
138,Malaisie,"'{3.79236690154723,109.7081944595275}'",Member State,Malaysia,MYS,Asia,MYS,MY,South-Eastern Asia
139,Suède,"'{62.7898967841579,16.73975403305356}'",Member State,Sweden,SWE,Europe,SWE,SE,Northern Europe
140,Ghana,"'{7.959848413760552,-1.207301382837505}'",Member State,Ghana,GHA,Africa,GHA,GH,Western Africa
141,Angola,"'{-12.29528522474455,17.54467578636636}'",Member State,Angola,AGO,Africa,AGO,AO,Middle Africa
156,Comores,"'{-11.89275467749457,43.67591965501096}'",Member State,Comoros,COM,Africa,COM,KM,Eastern Africa
157,Abyei,"'{9.767584545477694,28.39877462510127}'",,Abyei,,Africa,,,Northern Africa
142,Oman,"'{20.59769487403935,56.11138310826453}'",Member State,Oman,OMN,Asia,OMN,OM,Western Asia
143,République de Corée,"'{36.37508873369244,127.83477207667}'",Member State,Republic of Korea,KOR,Asia,KOR,KR,Eastern Asia
144,Montserrat,"'{16.73536624299971,-62.18693594727529}'",UK Non-Self-Governing Territory,Montserrat,GBR,Americas,MSR,MS,Caribbean
163,Madeira Islands,"'{32.74791659291741,-16.98491743041438}'",PT Territory,Madeira Islands,PRT,Europe,,,Southern Europe
145,Libéria,"'{6.448091527343703,-9.307913832046882}'",Member State,Liberia,LBR,Africa,LBR,LR,Western Africa
146,Rwanda,"'{-1.997892052441632,29.91765225350001}'",Member State,Rwanda,RWA,Africa,RWA,RW,Eastern Africa
174,Trinité-et-Tobago,"'{10.46864143355866,-61.2531768198423}'",Member State,Trinidad and Tobago,TTO,Americas,TTO,TT,Caribbean
147,Nicaragua,"'{12.83990587838561,-85.03478332255999}'",Member State,Nicaragua,NIC,Americas,NIC,NI,Central America
148,Mozambique,"'{-17.25932352169481,35.55142191837771}'",Member State,Mozambique,MOZ,Africa,MOZ,MZ,Eastern Africa
149,Glorioso Islands,"'{-11.56622274795698,47.2909469507026}'",FR Territory,Glorioso Islands,FRA,Africa,,,Eastern Africa
150,Paracel Islands,"'{16.70169908068551,112.3754442665555}'",Sovereignty unsettled,Paracel Islands,XXX,Asia,,,South-Eastern Asia
151,Guernsey,"'{49.45870833762451,-2.576393699332969}'",UK Territory,Guernsey,GBR,Europe,,,Northern Europe
152,Palaos,"'{7.501882414132657,134.56868687823}'",Member State,Palau,PLW,Oceania,PLW,PW,Micronesia
153,Canada,"'{61.39201724015714,-98.26532943367175}'",Member State,Canada,CAN,Americas,CAN,CA,Northern America
154,Éthiopie,"'{8.633290652257898,39.61617576325991}'",Member State,Ethiopia,ETH,Africa,ETH,ET,Eastern Africa
155,Greenland,"'{74.72091756040572,-41.38950131305342}'",DK Territory,Greenland,DNK,Americas,GRL,GL,Northern America
158,Guatemala,"'{15.70213512278772,-90.35624226813961}'",Member State,Guatemala,GTM,Americas,GTM,GT,Central America
159,Kirghizistan,"'{41.46505454396532,74.55559665591913}'",Member State,Kyrgyzstan,KGZ,Asia,KGZ,KG,Central Asia
160,Suriname,"'{4.126394638258222,-55.91182643362298}'",Member State,Suriname,SUR,Americas,SUR,SR,South America
161,Pologne,"'{52.12461008656555,19.40088385467417}'",Member State,Poland,POL,Europe,POL,PL,Eastern Europe
162,Nouvelle-Zélande,"'{-41.83887435030019,171.7799273815575}'",Member State,New Zealand,NZL,Oceania,NZL,NZ,Australia and New Zealand
164,Kenya,"'{0.529561859037324,37.85802096008018}'",Member State,Kenya,KEN,Africa,KEN,KE,Eastern Africa
165,Guantanamo,"'{19.92763569878166,-75.14215540330257}'",US Territory,Guantanamo,USA,Americas,,,Caribbean
193,El Salvador,"'{13.73689710530178,-88.8665121068615}'",Member State,El Salvador,SLV,Americas,SLV,SV,Central America
166,Costa Rica,"'{9.970202813999169,-84.18794179526623}'",Member State,Costa Rica,CRI,Americas,CRI,CR,Central America
167,Indonésie,"'{-2.230214092735195,117.300428194643}'",Member State,Indonesia,IDN,Asia,IDN,ID,South-Eastern Asia
168,Liechtenstein,"'{47.15184890472742,9.554268191533609}'",Member State,Liechtenstein,LIE,Europe,LIE,LI,Western Europe
169,Kiribati,"'{1.834561600050451,-154.4582706305636}'",Member State,Kiribati,KIR,Oceania,KIR,KI,Micronesia
194,Îles Cook,"'{-20.93403778238319,-158.9088825522056}'",NZ Territory,Cook Islands,NZL,Oceania,COK,CK,Polynesia
195,Nigéria,"'{9.593959990531559,8.105306311132345}'",Member State,Nigeria,NGA,Africa,NGA,NG,Western Africa
196,Norfolk Island,"'{-29.03765769787259,167.9525970222567}'",AU Territory,Norfolk Island,AUS,Oceania,NFK,NF,Australia and New Zealand
170,Fidji,"'{-17.45353047659144,171.9832266793414}'",Member State,Fiji,FJI,Oceania,FJI,FJ,Melanesia
175,Slovaquie,"'{48.70753128946242,19.49165388227614}'",Member State,Slovakia,SVK,Europe,SVK,SK,Eastern Europe
176,Mali,"'{17.35027919091337,-3.52442252217701}'",Member State,Mali,MLI,Africa,MLI,ML,Western Africa
171,Malawi,"'{-13.21602165261245,34.30715531031021}'",Member State,Malawi,MWI,Africa,MWI,MW,Eastern Africa
172,Pays-Bas,"'{52.24926328962551,5.603418026946613}'",Member State,Netherlands,NLD,Europe,NLD,NL,Western Europe
185,British Indian Ocean Territory,"'{-7.334266458936674,72.43402656488144}'",UK Territory,British Indian Ocean Territory,IOT,Africa,IOT,IO,Eastern Africa
186,Saint-Kitts-et-Nevis,"'{17.32619128818977,-62.75351977688111}'",Member State,Saint Kitts and Nevis,KNA,Americas,KNA,KN,Caribbean
187,Îles Salomon,"'{-8.918214065358004,159.6343150605085}'",Member State,Solomon Islands,SLB,Oceania,SLB,SB,Melanesia
188,Pitcairn Island,"'{-24.47653239347149,-128.5932318524277}'",UK Non-Self-Governing Territory,Pitcairn Island,GBR,Oceania,PCN,PN,Polynesia
173,Tchad,"'{15.36116653913778,18.66447971438715}'",Member State,Chad,TCD,Africa,TCD,TD,Middle Africa
177,Arménie,"'{40.28661987742086,44.94682354396964}'",Member State,Armenia,ARM,Asia,ARM,AM,Western Asia
178,Albanie,"'{41.14228482341689,20.06838460591878}'",Member State,Albania,ALB,Europe,ALB,AL,Southern Europe
179,Gibraltar,"'{36.13821499739691,-5.344894624709657}'",UK Non-Self-Governing Territory,Gibraltar,GBR,Europe,GIB,GI,Southern Europe
180,Argentine,"'{-35.37643634090832,-65.16772724090075}'",Member State,Argentina,ARG,Americas,ARG,AR,South America
181,Congo,"'{-0.8402315749041122,15.22429343873269}'",Member State,Congo,COG,Africa,COG,CG,Middle Africa
182,Bahamas,"'{24.20112648687146,-76.54662153239099}'",Member State,Bahamas,BHS,Americas,BHS,BS,Caribbean
183,Chili,"'{-37.85248982134257,-71.37398043999134}'",Member State,Chile,CHL,Americas,CHL,CL,South America
189,Sainte-Lucie,"'{13.89786601798802,-60.96871117138652}'",Member State,Saint Lucia,LCA,Americas,LCA,LC,Caribbean
190,Turkménistan,"'{39.21879264149987,58.391315019285}'",Member State,Turkmenistan,TKM,Asia,TKM,TM,Central Asia
184,Guinée,"'{10.43821189118032,-10.9417720593643}'",Member State,Guinea,GIN,Africa,GIN,GN,Western Africa
191,French Southern and Antarctic Territories,"'{-49.19179489508387,68.8619247648032}'",FR Territory,French Southern and Antarctic Territories,FRA,Antarctica,ATF,TF,
192,Slovénie,"'{46.123563763534,14.82653748920358}'",Member State,Slovenia,SVN,Europe,SVN,SI,Southern Europe
197,Aksai Chin,"'{35.03382308522889,79.12704701021674}'",Sovereignty unsettled JammuK-China,Aksai Chin,XXY,Asia,,,Eastern Asia
198,Monaco,"'{43.74798277610267,7.412821656923133}'",Member State,Monaco,MCO,Europe,MCO,MC,Western Europe
199,Gambie,"'{13.4526494327609,-15.3866431212257}'",Member State,Gambia,GMB,Africa,GMB,GM,Western Africa
200,Timor-Leste,"'{-8.82297620855613,125.8536751719587}'",Member State,Timor-Leste,TLS,Asia,TLS,TL,South-Eastern Asia
206,Brunéi Darussalam,"'{4.521445183161417,114.7610992714949}'",Member State,Brunei Darussalam,BRN,Asia,BRN,BN,South-Eastern Asia
201,Honduras,"'{14.81922174472416,-86.6191461652836}'",Member State,Honduras,HND,Americas,HND,HN,Central America
233,Burundi,"'{-3.356174808358888,29.88714547070887}'",Member State,Burundi,BDI,Africa,BDI,BI,Eastern Africa
202,Botswana,"'{-22.18200407526957,23.81502761666416}'",Member State,Botswana,BWA,Africa,BWA,BW,Southern Africa
234,Philippines,"'{11.74183265761042,122.8787083936592}'",Member State,Philippines,PHL,Asia,PHL,PH,South-Eastern Asia
235,Madagascar,"'{-19.37338306850477,46.70603866914809}'",Member State,Madagascar,MDG,Africa,MDG,MG,Eastern Africa
203,Burkina Faso,"'{12.27792985050918,-1.74014113189833}'",Member State,Burkina Faso,BFA,Africa,BFA,BF,Western Africa
204,Ukraine,"'{49.01708816412179,31.38711477312901}'",Member State,Ukraine,UKR,Europe,UKR,UA,Eastern Europe
205,Koweït,"'{29.34079132670533,47.59087621282215}'",Member State,Kuwait,KWT,Asia,KWT,KW,Western Asia
246,Algérie,"'{28.16323926730447,2.632388169192823}'",Member State,Algeria,DZA,Africa,DZA,DZ,Northern Africa
207,Cabo Verde,"'{15.97897326680097,-23.96778457434047}'",Member State,Cape Verde,CPV,Africa,CPV,CV,Western Africa
208,Italie,"'{42.79578239851082,12.07174297035683}'",Member State,Italy,ITA,Europe,ITA,IT,Southern Europe
209,Iran,"'{32.73946308870451,54.19776609324849}'",Member State,Iran (Islamic Republic of),IRN,Asia,IRN,IR,Southern Asia
210,Émirats arabes unis,"'{23.9031933433165,54.34073373155668}'",Member State,United Arab Emirates,ARE,Asia,ARE,AE,Western Asia
211,British Virgin Islands,"'{18.44458928989969,-64.53042253947774}'",UK Non-Self-Governing Territory,British Virgin Islands,GBR,Americas,VGB,VG,Caribbean
212,Saint-Marin,"'{43.94363973453169,12.45863291380937}'",Member State,San Marino,SMR,Europe,SMR,SM,Southern Europe
213,Zambie,"'{-13.45301862466974,27.79824916348436}'",Member State,Zambia,ZMB,Africa,ZMB,ZM,Eastern Africa
214,Lettonie,"'{56.85753443708565,24.92942396864251}'",Member State,Latvia,LVA,Europe,LVA,LV,Northern Europe
215,Îles Marshall,"'{7.643272572038359,168.6269207465328}'",Member State,Marshall Islands,MHL,Oceania,MHL,MH,Micronesia
216,République arabe syrienne,"'{35.01313386115792,38.50513206494866}'",Member State,Syrian Arab Republic,SYR,Asia,SYR,SY,Western Asia
222,Bosnie-Herzégovine,"'{44.16811522452033,17.78653069680731}'",Member State,Bosnia & Herzegovina,BIH,Europe,BIH,BA,Southern Europe
217,Sri Lanka,"'{7.608085927014841,80.70472658542131}'",Member State,Sri Lanka,LKA,Asia,LKA,LK,Southern Asia
223,Jordanie,"'{31.25331588826589,36.78673021062104}'",Member State,Jordan,JOR,Asia,JOR,JO,Western Asia
218,Ouganda,"'{1.279963445178758,32.38621827281175}'",Member State,Uganda,UGA,Africa,UGA,UG,Eastern Africa
219,Ouzbékistan,"'{41.75044402910113,63.16936437042116}'",Member State,Uzbekistan,UZB,Asia,UZB,UZ,Central Asia
220,Irlande,"'{53.1763816282643,-8.150578960214018}'",Member State,Ireland,IRL,Europe,IRL,IE,Northern Europe
224,Qatar,"'{25.29787644059446,51.18806910452737}'",Member State,Qatar,QAT,Asia,QAT,QA,Western Asia
225,Tuvalu,"'{-7.827722097631399,178.5575513356263}'",Member State,Tuvalu,TUV,Oceania,TUV,TV,Polynesia
226,Saint-Vincent-et-les Grenadines,"'{13.25481082463684,-61.19376585175559}'",Member State,Saint Vincent and the Grenadines,VCT,Americas,VCT,VC,Caribbean
227,État de Palestine,"'{31.40186361965117,34.3727489983712}'",Occupied Territory (under review),Gaza Strip,XXX,Asia,PSE,PS,Western Asia
221,Érythrée,"'{15.37320313037035,38.84128573461554}'",Member State,Eritrea,ERI,Africa,ERI,ER,Eastern Africa
228,Christmas Island,"'{-10.44411458272388,105.7036971839949}'",AU Territory,Christmas Island,AUS,Asia,CXR,CX,South-Eastern Asia
229,United States Virgin Islands,"'{17.90510672692729,-64.8070344271971}'",US Non-Self-Governing Territory,United States Virgin Islands,USA,Americas,VIR,VI,Caribbean
236,Azerbaïdjan,"'{40.29691565933846,48.81987923035784}'",Member State,Azerbaijan,AZE,Asia,AZE,AZ,Western Asia
237,Mauritanie,"'{20.25985131041807,-10.3322979500132}'",Member State,Mauritania,MRT,Africa,MRT,MR,Western Africa
238,Northern Mariana Islands,"'{15.08852006593255,145.6792195082294}'",US Territory,Northern Mariana Islands,USA,Oceania,MNP,MP,Micronesia
239,Kuril Islands,"'{44.69121716855731,147.1622109044358}'",Sovereignty unsettled,Kuril Islands,RUS,Asia,,,Eastern Asia
240,France,"'{46.5645020539879,2.551955216777798}'",Member State,France,FRA,Europe,FRA,FR,Western Europe
247,Togo,"'{8.534960452356943,0.9757216793859798}'",Member State,Togo,TGO,Africa,TGO,TG,Western Africa
248,Antigua-et-Barbuda,"'{17.27981751112595,-61.79123711747739}'",Member State,Antigua & Barbuda,ATG,Americas,ATG,AG,Caribbean
249,Norvège,"'{64.44817113990787,14.08480083670674}'",Member State,Norway,NOR,Europe,NOR,NO,Northern Europe
250,Bangladesh,"'{23.84323245239139,90.26849814842922}'",Member State,Bangladesh,BGD,Asia,BGD,BD,Southern Asia
251,Danemark,"'{55.9633982422569,10.04629841469264}'",Member State,Denmark,DNK,Europe,DNK,DK,Northern Europe
241,Serbie,"'{44.03149841861639,20.80527172323537}'",Member State,Serbia,SRB,Europe,SRB,RS,Southern Europe
242,Uruguay,"'{-32.799645341117,-56.01239637788298}'",Member State,Uruguay,URY,Americas,URY,UY,South America
243,Guam,"'{13.44356634971071,144.7755960954804}'",US Non-Self-Governing Territory,Guam,GUM,Oceania,GUM,GU,Micronesia
244,Panama,"'{8.507186345684861,-80.10266194726975}'",Member State,Panama,PAN,Americas,PAN,PA,Central America
245,Netherlands Antilles,"'{12.187804632403,-68.69366926528983}'",NL Territory,Netherlands Antilles,NLD,Americas,ANT,,Caribbean
252,Belgique,"'{50.64285116363035,4.663989187136802}'",Member State,Belgium,BEL,Europe,BEL,BE,Western Europe
253,Samoa,"'{-13.758363800617,-172.1594644345502}'",Member State,Samoa,WSM,Oceania,WSM,WS,Polynesia
254,Anguilla,"'{18.22287661796813,-63.06007691114895}'",UK Non-Self-Governing Territory,Anguilla,AIA,Americas,AIA,AI,Caribbean
255,Israël,"'{31.35845585522368,34.96581019771592}'",Member State,Israel,ISR,Asia,ISR,IL,Western Asia
256,Libye,"'{27.0439541864157,18.02328655478643}'",Member State,Libyan Arab Jamahiriya,LBY,Africa,LBY,LY,Northern Africa